<?xml version="1.0" encoding="UTF-8" standalone="yes"?>
<signalControl xsi:schemaLocation="http://www.matsim.org/files/dtd http://www.matsim.org/files/dtd/signalControl_v2.0.xsd" xmlns="http://www.matsim.org/files/dtd" xmlns:xsi="http://www.w3.org/2001/XMLSchema-instance">
    <signalSystem refId="250854391">
        <signalSystemController>
            <controllerIdentifier>org.matsim.contrib.smartcity.actuation.semaphore.BidsSemaphoreController</controllerIdentifier>
        </signalSystemController>
    </signalSystem>
    <signalSystem refId="255396514">
        <signalSystemController>
            <controllerIdentifier>org.matsim.contrib.smartcity.actuation.semaphore.BidsSemaphoreController</controllerIdentifier>
        </signalSystemController>
    </signalSystem>
    <signalSystem refId="359726889">
        <signalSystemController>
            <controllerIdentifier>org.matsim.contrib.smartcity.actuation.semaphore.BidsSemaphoreController</controllerIdentifier>
        </signalSystemController>
    </signalSystem>
    <signalSystem refId="359727832">
        <signalSystemController>
            <controllerIdentifier>org.matsim.contrib.smartcity.actuation.semaphore.BidsSemaphoreController</controllerIdentifier>
        </signalSystemController>
    </signalSystem>
    
    <!-- <signalSystem refId="464527776">
        <signalSystemController>
            <controllerIdentifier>org.matsim.contrib.smartcity.actuation.semaphore.BidsSemaphoreController</controllerIdentifier>
        </signalSystemController>
    </signalSystem>-->
</signalControl>
